{"cameraMode":{"drawMode":0,"name":"Shaded","section":"Shading Mode"},"sceneLighting":false,"audioPlay":false,"sceneViewState":{"showFog":true,"showMaterialUpdate":false,"showSkybox":true,"showFlares":true,"showImageEffects":true,"showParticleSystems":true},"in2DMode":false,"pivot":{"x":18.5096492767334,"y":7.030000686645508,"z":-23.231712341308595},"rotation":{"x":-0.12600836157798768,"y":0.06397828459739685,"z":-0.008153093978762627,"w":-0.9899948835372925},"size":4.0699143409729,"orthographic":true}