{"cameraMode":{"drawMode":0,"name":"Shaded","section":"Shading Mode"},"sceneLighting":false,"audioPlay":false,"sceneViewState":{"showFog":true,"showMaterialUpdate":false,"showSkybox":true,"showFlares":true,"showImageEffects":true,"showParticleSystems":true},"in2DMode":false,"pivot":{"x":17.943527221679689,"y":2.185206890106201,"z":-23.122535705566408},"rotation":{"x":-0.017769725993275644,"y":-0.8136508464813232,"z":0.024910593405365945,"w":-0.5806669592857361},"size":0.6239083409309387,"orthographic":true}