{"cameraMode":{"drawMode":0,"name":"Shaded","section":"Shading Mode"},"sceneLighting":false,"audioPlay":false,"sceneViewState":{"showFog":true,"showMaterialUpdate":false,"showSkybox":true,"showFlares":true,"showImageEffects":true,"showParticleSystems":true},"in2DMode":false,"pivot":{"x":18.18353843688965,"y":6.9223432540893559,"z":-365.6214904785156},"rotation":{"x":0.02225683443248272,"y":0.43702563643455508,"z":-0.010490262880921364,"w":0.8992501497268677},"size":1037.818359375,"orthographic":true}