{"cameraMode":{"drawMode":0,"name":"Shaded","section":"Shading Mode"},"sceneLighting":false,"audioPlay":false,"sceneViewState":{"showFog":true,"showMaterialUpdate":false,"showSkybox":true,"showFlares":true,"showImageEffects":true,"showParticleSystems":true},"in2DMode":false,"pivot":{"x":18.488527297973634,"y":2.185206890106201,"z":-22.672536849975587},"rotation":{"x":-0.03465946763753891,"y":0.8904361128807068,"z":-0.06879245489835739,"w":-0.4486883580684662},"size":0.678699791431427,"orthographic":true}